,Pclass,Sex,Age,SibSp,Parch,Ticket,Fare,Embarked,Survived
0,1,1,46.0,0,0,113043,28.5,2.0,0
1,2,1,23.0,0,0,28425,13.0,2.0,0
2,3,1,32.0,0,0,23101293,7.925,2.0,0
3,3,1,26.0,1,0,350025,7.8542,2.0,0
4,3,0,6.0,4,2,347082,31.275,2.0,0
5,1,1,24.0,0,1,17558,247.5208,0.0,0
6,1,1,45.0,0,0,113050,26.55,2.0,0
7,2,1,29.0,1,0,2167,27.7208,0.0,0
8,3,1,30.0,0,0,349216,7.8958,2.0,0
9,1,1,30.0,0,0,19947,35.5,2.0,1
10,2,0,42.0,0,0,236852,13.0,2.0,1
11,3,1,36.0,1,1,345773,24.15,2.0,0
12,2,1,33.0,0,0,1585,12.275,2.0,0
13,3,1,17.0,1,0,350048,7.0542,2.0,0
14,3,1,29.0,0,0,345779,9.5,2.0,1
15,2,0,50.0,0,1,230433,26.0,2.0,1
16,1,0,35.0,1,0,19943,90.0,2.0,1
17,1,0,38.0,0,0,17757,227.525,0.0,1
18,2,1,34.0,0,0,250647,13.0,2.0,0
19,1,0,17.0,1,0,17474,57.0,2.0,1
20,3,0,11.0,4,2,347082,31.275,2.0,0
21,3,1,61.0,0,0,345364,6.2375,2.0,0
22,3,0,30.0,0,0,315084,8.6625,2.0,0
23,2,0,7.0,0,2,13529,26.25,2.0,1
24,3,0,63.0,0,0,4134,9.5875,2.0,1
25,3,1,20.0,0,0,2663,7.2292,0.0,1
26,3,0,30.0,0,2,2668,22.3583,0.0,1
27,3,1,29.0,0,0,7545,9.4833,2.0,0
28,1,1,36.0,1,2,113760,120.0,2.0,1
29,3,1,30.0,0,0,2627,14.4583,0.0,0
30,3,1,50.0,0,0,53594,8.05,2.0,0
31,1,1,27.0,0,2,113503,211.5,0.0,0
32,3,1,30.0,0,0,7076,7.25,2.0,0
33,1,0,33.0,1,0,19928,90.0,1.0,1
34,3,1,30.0,0,0,36209,7.725,1.0,0
35,3,0,30.0,3,1,4133,25.4667,2.0,0
36,3,1,2.0,3,1,349909,21.075,2.0,0
37,2,0,25.0,1,1,237789,30.0,2.0,1
38,1,1,51.0,0,1,17597,61.3792,0.0,0
39,2,0,25.0,0,1,230433,26.0,2.0,1
40,3,1,30.0,0,0,434244,7.25,2.0,0
41,3,1,30.0,0,0,349215,7.8958,2.0,0
42,2,0,24.0,0,0,248747,13.0,2.0,0
43,3,1,18.0,1,1,370129,20.2125,2.0,0
44,1,1,30.0,0,0,19988,30.5,2.0,1
45,3,1,25.0,0,0,392076,7.05,2.0,0
46,2,0,24.0,0,2,250649,14.5,2.0,1
47,3,1,22.0,0,0,350060,7.5208,2.0,0
48,1,1,1.0,1,2,113781,151.55,2.0,1
49,2,0,24.0,1,0,244367,26.0,2.0,1
50,3,0,26.0,0,0,23101282,7.925,2.0,1
51,2,1,34.0,1,0,28664,21.0,2.0,0
52,1,0,21.0,2,2,17608,262.375,0.0,1
53,3,1,30.0,0,0,384461,7.75,1.0,0
54,3,0,30.0,0,0,2626,7.2292,0.0,1
55,3,1,30.0,0,0,315037,8.6625,2.0,0
56,3,0,22.0,0,0,347085,7.775,2.0,1
57,1,0,62.0,0,0,113572,80.0,-1.0,1
58,3,0,18.0,0,0,4138,9.8417,2.0,1
59,1,0,42.0,0,0,17757,227.525,0.0,1
60,2,1,57.0,0,0,219533,12.35,1.0,0
61,3,1,19.0,0,0,,0.0,2.0,0
62,2,0,42.0,1,0,3085,26.0,2.0,1
63,3,1,30.0,0,0,2624,7.225,0.0,0
64,3,0,20.0,0,0,315096,8.6625,2.0,0
65,3,1,34.0,0,0,2683,6.4375,0.0,0
66,3,1,28.0,0,0,345783,9.5,2.0,0
67,3,1,30.0,0,0,2816,8.05,2.0,0
68,3,1,23.0,0,0,349204,7.8958,2.0,0
69,3,1,22.0,0,0,521174,7.25,2.0,0
70,1,1,52.0,0,0,113786,30.5,2.0,1
71,3,0,30.0,0,0,364516,12.475,2.0,1
72,2,1,36.0,0,2,230080,26.0,2.0,0
73,3,1,30.0,0,0,364851,7.75,1.0,0
74,3,1,22.0,0,0,2669,7.2292,0.0,0
75,1,1,50.0,2,0,17611,133.65,2.0,1
76,3,1,27.0,0,0,347089,6.975,2.0,1
77,3,1,22.0,0,0,14973,8.05,2.0,0
78,1,0,51.0,1,0,13502,77.9583,2.0,1
79,2,1,36.0,0,0,17248,10.5,2.0,0
80,2,0,29.0,1,0,228414,26.0,2.0,1
81,1,0,22.0,0,0,113781,151.55,2.0,1
82,1,1,50.0,1,0,17761,106.425,0.0,0
83,2,0,40.0,0,0,31418,13.0,2.0,1
84,3,1,27.0,0,0,315098,8.6625,2.0,1
85,1,1,30.0,0,0,112052,0.0,2.0,0
86,1,1,65.0,0,0,13509,26.55,2.0,0
87,3,1,17.0,0,0,315086,8.6625,2.0,0
88,1,1,28.0,0,0,110564,26.55,2.0,1
89,1,1,4.0,0,2,33638,81.8583,2.0,1
90,3,1,30.0,0,0,349221,7.8958,2.0,0
91,3,0,1.0,1,1,347742,11.1333,2.0,1
92,2,1,36.0,1,2,34651,27.75,2.0,0
93,2,1,43.0,1,1,13529,26.25,2.0,0
94,1,1,38.0,0,1,17582,153.4625,2.0,0
95,2,0,31.0,1,1,31921,26.25,2.0,1
96,3,1,29.0,0,0,343276,8.05,2.0,0
97,3,1,18.0,0,0,2223,8.3,2.0,0
98,2,1,30.0,0,0,2131,15.05,0.0,0
99,1,0,39.0,1,1,17421,110.8833,0.0,1
100,2,1,39.0,0,0,28213,13.0,2.0,0
101,3,1,26.0,2,0,315151,8.6625,2.0,0
102,3,1,20.0,0,0,3101307,7.05,2.0,0
103,1,0,30.0,1,0,17611,133.65,2.0,1
104,3,1,49.0,0,0,,0.0,2.0,0
105,2,1,23.0,0,0,2133,15.0458,0.0,0
106,3,1,1.0,4,1,3101295,39.6875,2.0,0
107,3,0,30.0,0,0,330959,7.8792,1.0,1
108,3,1,30.0,1,2,6607,23.45,2.0,0
109,2,1,3.0,1,1,230080,26.0,2.0,1
110,3,1,4.0,1,1,347742,11.1333,2.0,1
111,3,1,19.0,0,0,348124,7.65,2.0,0
112,3,1,40.0,0,0,367232,7.75,1.0,0
113,3,0,1.0,0,2,2653,15.7417,0.0,1
114,3,0,30.0,0,2,2678,15.2458,0.0,0
115,3,1,21.0,0,0,23101280,7.925,2.0,0
116,1,1,54.0,0,0,17463,51.8625,2.0,0
117,3,1,30.0,0,0,36568,15.5,1.0,0
118,2,1,25.0,1,2,2123,41.5792,0.0,0
119,3,1,26.0,1,0,2680,14.4542,0.0,0
120,3,0,22.0,0,0,7552,10.5167,2.0,0
121,3,0,31.0,1,1,363291,20.525,2.0,1
122,1,1,49.0,1,0,17453,89.1042,0.0,1
123,2,1,19.0,1,1,33112,36.75,2.0,0
124,2,1,24.0,0,0,29566,10.5,2.0,0
125,3,1,16.0,0,0,392089,8.05,2.0,1
126,1,1,25.0,1,0,11765,55.4417,0.0,1
127,3,1,39.0,0,0,448871,24.15,2.0,0
128,3,0,47.0,1,0,53337,14.5,2.0,0
129,1,1,60.0,0,0,113800,26.55,2.0,0
130,2,1,24.0,0,0,233866,13.0,2.0,0
131,1,1,30.0,0,0,113767,50.0,2.0,0
132,2,0,27.0,1,0,11668,21.0,2.0,0
133,2,1,30.0,0,0,2146,13.8625,0.0,1
134,3,1,38.0,0,0,349249,7.8958,2.0,0
135,3,1,44.0,0,0,364511,8.05,2.0,0
136,2,0,21.0,0,0,31026,10.5,2.0,1
137,3,0,24.0,0,2,9549,16.7,2.0,1
138,2,0,45.0,0,0,223596,13.5,2.0,1
139,2,1,8.0,1,1,33112,36.75,2.0,1
140,3,0,8.0,3,1,349909,21.075,2.0,0
141,1,1,30.0,0,0,113510,35.0,2.0,0
142,3,1,32.0,0,0,392078,8.05,2.0,1
143,1,1,50.0,1,0,13507,55.9,2.0,0
144,3,1,21.0,0,0,439886,7.8,2.0,0
145,2,0,50.0,0,0,14258,10.5,2.0,1
146,3,0,23.0,0,0,23101290,7.925,2.0,0
147,3,1,32.0,0,0,350417,7.8542,2.0,1
148,3,0,30.0,0,0,382649,7.75,1.0,0
149,3,0,21.0,2,2,6608,34.375,2.0,0
150,3,1,30.0,0,0,370377,7.75,1.0,0
151,3,1,25.0,0,0,2672,7.225,0.0,0
152,3,1,15.0,1,1,2695,7.2292,0.0,0
153,3,0,31.0,1,0,345763,18.0,2.0,0
154,2,1,25.0,0,0,234686,13.0,2.0,0
155,2,1,54.0,0,0,28403,26.0,2.0,0
156,1,1,28.0,0,0,113059,47.1,2.0,0
157,1,0,38.0,0,0,113572,80.0,-1.0,1
158,2,0,41.0,0,1,250644,19.5,2.0,1
159,3,1,33.0,0,0,349239,8.6625,0.0,0
160,2,1,52.0,0,0,248731,13.5,2.0,0
161,3,1,16.0,1,1,2673,20.25,2.0,0
162,3,1,20.0,0,0,52151,8.05,2.0,0
163,3,1,9.0,4,2,347077,31.3875,2.0,0
164,3,1,30.0,0,0,65306,8.1125,2.0,1
165,3,1,30.0,0,0,330979,7.8292,1.0,0
166,3,1,30.0,0,0,349234,7.8958,2.0,0
167,1,0,54.0,1,0,17603,59.4,0.0,1
168,3,1,26.0,0,0,349224,7.8958,2.0,0
169,1,1,60.0,1,1,13567,79.2,0.0,1
170,3,1,30.0,0,0,1601,56.4958,2.0,1
171,1,0,44.0,0,1,111361,57.9792,0.0,1
172,3,1,20.0,1,0,23101285,7.925,2.0,1
173,3,1,30.0,3,1,4133,25.4667,2.0,0
174,2,1,16.0,0,0,3,10.5,2.0,0
175,3,0,43.0,1,6,2144,46.9,2.0,0
176,3,1,17.0,0,0,315093,8.6625,2.0,0
177,1,1,37.0,1,1,11751,52.5542,2.0,1
178,2,1,62.0,0,0,752,10.5,2.0,1
179,3,1,8.0,4,1,382652,29.125,1.0,0
180,3,1,32.0,0,0,1601,56.4958,2.0,1
181,3,0,20.0,1,0,4136,9.825,2.0,0
182,2,0,28.0,0,0,237668,13.0,2.0,1
183,3,0,21.0,0,0,364846,7.75,1.0,0
184,3,1,37.0,2,0,3101276,7.925,2.0,0
185,3,0,17.0,0,0,2627,14.4583,0.0,0
186,3,0,30.0,0,0,14313,7.75,1.0,1
187,1,1,46.0,1,0,5734,61.175,2.0,0
188,3,1,30.0,0,0,6212,15.1,2.0,0
189,3,1,24.0,0,0,343275,8.05,2.0,0
190,1,1,29.0,1,0,113776,66.6,2.0,0
191,1,0,56.0,0,1,11767,83.1583,0.0,1
192,2,1,31.0,1,1,2079,37.0042,0.0,0
193,3,1,30.0,0,0,367228,7.75,1.0,1
194,2,1,32.0,1,0,2908,26.0,2.0,1
195,3,1,33.0,1,1,363291,20.525,2.0,0
196,3,1,59.0,0,0,364500,7.25,2.0,0
197,1,0,58.0,0,0,113783,26.55,2.0,1
198,3,0,30.0,1,0,376564,16.1,2.0,1
199,2,0,3.0,1,2,2123,41.5792,0.0,1
200,3,1,30.0,0,0,349253,7.8958,0.0,0
201,1,0,16.0,0,1,111361,57.9792,0.0,1
202,3,0,45.0,1,4,347088,27.9,2.0,0
203,1,0,43.0,0,1,24160,211.3375,2.0,1
204,1,0,30.0,0,0,17761,106.425,0.0,1
205,3,1,28.0,0,0,54636,16.1,2.0,0
206,3,1,24.0,0,0,350035,7.7958,2.0,0
207,2,1,30.0,0,0,250653,13.0,2.0,0
208,1,1,36.0,0,0,13049,40.125,0.0,0
209,3,1,25.0,0,0,3101312,7.05,2.0,0
210,3,0,30.0,0,2,364848,7.75,1.0,0
211,1,0,50.0,0,0,17595,28.7125,0.0,0
212,3,0,1.0,2,1,2666,19.2583,0.0,1
213,1,0,24.0,0,0,17482,49.5042,0.0,1
214,2,0,24.0,1,2,220845,65.0,2.0,1
215,1,0,35.0,1,0,113789,52.0,2.0,1
216,1,0,30.0,0,0,110152,86.5,2.0,1
217,2,1,23.0,0,0,233639,13.0,2.0,0
218,3,1,30.0,0,0,349225,7.8958,2.0,0
219,2,1,27.0,0,0,244358,26.0,2.0,0
220,2,0,55.0,0,0,248706,16.0,2.0,1
221,1,0,35.0,1,0,113803,53.1,2.0,1
222,3,1,30.0,0,0,394140,6.8583,1.0,0
223,1,0,30.0,0,0,17585,79.2,0.0,1
224,3,1,30.0,1,0,65303,19.9667,2.0,0
225,2,0,23.0,0,0,541,13.7917,0.0,1
226,3,0,30.0,0,0,35852,7.7333,1.0,1
227,1,0,23.0,1,0,35273,113.275,0.0,1
228,3,1,51.0,0,0,21440,8.05,2.0,0
229,2,0,33.0,0,2,26360,26.0,2.0,1
230,3,0,29.0,0,4,349909,21.075,2.0,0
231,3,1,30.0,0,0,349254,7.8958,0.0,0
232,3,1,30.0,8,2,2343,69.55,2.0,0
233,2,0,2.0,1,1,26360,26.0,2.0,1
234,2,0,14.0,1,0,237736,30.0708,0.0,1
235,2,1,54.0,1,0,244252,26.0,2.0,0
236,3,0,15.0,0,0,330923,8.0292,1.0,1
237,1,0,22.0,0,1,113505,55.0,2.0,1
238,2,1,27.0,0,0,220367,13.0,2.0,0
239,3,1,30.0,0,0,349214,7.8958,2.0,0
240,1,1,30.0,0,0,112379,39.6,0.0,0
241,2,0,28.0,1,0,3381,24.0,0.0,1
242,3,1,39.0,0,0,3101296,7.925,2.0,0
243,2,1,2.0,1,1,230080,26.0,2.0,1
244,3,1,24.0,1,0,376566,16.1,2.0,0
245,3,1,32.0,0,0,349242,7.8958,2.0,0
246,3,1,46.0,0,0,2628,7.225,0.0,0
247,2,0,8.0,0,2,31921,26.25,2.0,1
248,3,1,26.0,1,2,2315,20.575,2.0,0
249,1,0,29.0,0,0,24160,211.3375,2.0,1
250,2,0,45.0,1,1,13529,26.25,2.0,1
251,3,0,36.0,1,0,345572,17.4,2.0,1
252,1,1,30.0,0,0,113056,26.0,2.0,0
253,3,0,4.0,0,2,315153,22.025,2.0,1
254,2,1,16.0,0,0,239865,26.0,2.0,0
255,1,1,58.0,0,0,11771,29.7,0.0,0
256,3,1,40.0,0,2,5851,14.5,2.0,0
257,3,1,25.0,0,0,348123,7.65,2.0,0
258,3,1,30.0,0,0,349223,7.8958,2.0,0
259,3,1,51.0,0,0,347743,7.0542,2.0,0
260,2,1,30.0,0,0,239853,0.0,2.0,0
261,3,0,17.0,4,2,3101281,7.925,2.0,1
262,3,1,30.0,0,0,368323,6.95,1.0,0
263,3,1,40.0,1,1,364849,15.5,1.0,0
264,3,1,25.0,0,0,,0.0,2.0,1
265,1,1,47.0,0,0,5727,25.5875,2.0,0
266,1,1,30.0,0,0,113028,26.55,2.0,0
267,2,1,44.0,1,0,26707,26.0,2.0,0
268,1,0,23.0,3,2,19950,263.0,2.0,1
269,2,1,18.0,0,0,29108,11.5,2.0,0
270,2,1,29.0,1,0,11668,21.0,2.0,0
271,3,1,12.0,1,0,2651,11.2417,0.0,1
272,3,1,11.0,0,0,2699,18.7875,0.0,0
273,3,0,22.0,0,0,370373,7.75,1.0,1
274,2,1,19.0,0,0,28665,10.5,2.0,0
275,3,1,22.0,1,0,521171,7.25,2.0,0
276,3,1,33.0,0,0,349257,7.8958,2.0,0
277,1,1,56.0,0,0,113792,26.55,2.0,0
278,2,1,1.0,0,2,2079,37.0042,0.0,1
279,3,1,22.0,0,0,350052,7.7958,2.0,0
280,3,1,30.0,0,0,2641,7.2292,0.0,0
281,3,1,30.0,0,0,370372,7.75,1.0,0
282,3,1,7.0,4,1,382652,29.125,1.0,0
283,3,0,4.0,0,1,349256,13.4167,0.0,1
284,3,1,70.0,0,0,370369,7.75,1.0,0
285,2,1,18.0,0,0,236171,13.0,2.0,0
286,3,1,20.0,1,1,2653,15.7417,0.0,1
287,2,1,24.0,2,0,14879,73.5,2.0,0
288,3,1,30.0,0,0,2664,7.225,0.0,0
289,2,0,34.0,0,0,34260,10.5,2.0,1
290,3,0,30.0,0,0,370375,7.75,1.0,1
291,1,0,31.0,0,2,36928,164.8667,2.0,1
292,3,1,30.0,0,0,349246,7.8958,2.0,0
293,2,1,18.0,0,0,231945,11.5,2.0,0
294,3,0,9.0,3,2,347088,27.9,2.0,0
295,1,0,39.0,1,1,110413,79.65,2.0,1
296,1,0,33.0,1,0,113806,53.1,2.0,1
297,1,1,70.0,1,1,5735,71.0,2.0,0
298,1,0,24.0,0,0,17477,69.3,0.0,1
299,1,0,58.0,0,1,17582,153.4625,2.0,1
300,3,1,21.0,0,0,350029,7.8542,2.0,0
301,1,0,17.0,1,0,17758,108.9,0.0,1
302,3,0,28.0,1,1,347080,14.4,2.0,0
303,1,0,24.0,0,0,11767,83.1583,0.0,1
304,3,1,30.0,0,0,2647,7.225,0.0,0
305,3,1,30.0,1,0,370371,15.5,1.0,0
306,3,1,42.0,0,0,315088,8.6625,2.0,0
307,3,1,18.0,1,0,3101267,6.4958,2.0,0
308,3,0,2.0,0,1,3101298,12.2875,2.0,1
309,2,0,34.0,0,0,243880,13.0,2.0,1
310,3,1,3.0,4,2,347077,31.3875,2.0,1
311,1,0,58.0,0,0,17569,146.5208,0.0,1
312,3,1,32.0,0,0,370376,7.75,1.0,0
313,3,1,31.0,0,0,23101288,7.925,2.0,1
314,3,1,30.0,0,0,312991,7.775,2.0,1
315,2,0,27.0,1,0,2149,13.8583,0.0,1
316,3,1,11.0,5,2,2144,46.9,2.0,0
317,2,1,23.0,0,0,29751,13.0,2.0,0
318,1,1,40.0,0,0,112059,0.0,2.0,0
319,3,1,30.0,0,0,2686,7.2292,0.0,0
320,3,0,28.0,0,0,349245,7.8958,2.0,0
321,2,0,28.0,0,0,230434,13.0,2.0,1
322,3,1,30.0,1,0,65304,19.9667,2.0,0
323,3,1,19.0,0,0,349228,10.1708,2.0,0
324,3,0,30.0,1,1,345773,24.15,2.0,0
325,3,1,20.0,0,0,350050,7.8542,2.0,0
326,3,1,28.0,0,0,1601,56.4958,2.0,0
327,3,1,36.0,0,0,,0.0,2.0,0
328,3,1,30.0,0,0,52466,8.05,2.0,0
329,1,0,24.0,3,2,19950,263.0,2.0,1
330,3,1,28.0,0,0,2697,7.2292,0.0,0
331,3,0,24.0,0,3,2666,19.2583,0.0,1
332,2,1,42.0,0,0,244310,13.0,2.0,0
333,1,1,54.0,0,1,35281,77.2875,2.0,0
334,3,1,25.0,0,0,36864,7.7417,1.0,0
335,3,1,7.0,4,1,3101295,39.6875,2.0,0
336,3,1,25.0,1,0,349237,17.8,2.0,0
337,3,0,27.0,0,1,392096,12.475,2.0,1
338,3,0,24.0,1,0,23101279,15.85,2.0,1
339,3,1,30.0,0,0,323592,7.25,2.0,0
340,2,0,28.0,0,0,240929,12.65,2.0,1
341,3,1,19.0,0,0,358585,14.5,2.0,0
342,3,1,22.0,0,0,521172,7.25,2.0,0
343,3,0,30.0,0,0,2649,7.225,0.0,1
344,3,0,30.0,8,2,2343,69.55,2.0,0
345,1,1,42.0,0,0,17476,26.2875,2.0,1
346,2,1,50.0,0,0,250643,13.0,2.0,0
347,2,1,3.0,1,1,29106,18.75,2.0,1
348,1,1,30.0,0,0,17757,227.525,0.0,0
349,3,0,18.0,2,0,345764,18.0,2.0,0
350,3,1,18.0,1,1,350404,7.8542,2.0,0
351,1,1,44.0,2,0,19928,90.0,1.0,0
352,1,1,30.0,0,0,16988,30.0,2.0,1
353,1,1,30.0,0,0,113796,42.4,2.0,0
354,3,1,30.0,1,0,371110,24.15,1.0,0
355,3,1,16.0,0,0,347074,7.775,2.0,0
356,3,1,30.0,0,0,265302,7.3125,2.0,0
357,3,1,22.0,0,0,349206,7.8958,2.0,0
358,2,0,4.0,1,1,29103,23.0,2.0,1
359,2,1,30.0,0,0,244373,13.0,2.0,1
360,3,1,24.0,0,0,17369,7.1417,2.0,1
361,2,0,30.0,0,0,234818,12.35,1.0,1
362,3,0,29.0,0,2,2650,15.2458,0.0,1
363,3,1,24.0,0,0,345781,9.5,2.0,0
364,1,0,45.0,1,1,36928,164.8667,2.0,1
365,2,0,32.0,0,0,234604,13.0,2.0,1
366,3,1,21.0,0,0,23101294,7.925,2.0,0
367,1,1,35.0,0,0,17755,512.3292,0.0,1
368,3,0,30.0,8,2,2343,69.55,2.0,0
369,3,1,30.0,2,0,367226,23.25,1.0,1
370,1,1,36.0,0,1,17755,512.3292,0.0,1
371,3,0,41.0,0,5,3101295,39.6875,2.0,0
372,3,0,23.0,0,0,2314,7.55,2.0,1
373,3,1,34.0,1,1,347080,14.4,2.0,0
374,2,0,30.0,0,0,248727,33.0,2.0,1
375,3,1,30.0,0,0,371110,24.15,1.0,0
376,3,0,15.0,0,0,2667,7.225,0.0,1
377,3,1,30.0,0,0,423567,8.05,2.0,0
378,3,0,18.0,0,0,347087,7.775,2.0,0
379,3,1,30.0,0,0,392090,8.05,2.0,0
380,2,1,32.0,2,0,14879,73.5,2.0,0
381,3,1,4.0,4,1,382652,29.125,1.0,0
382,3,1,2.0,4,1,382652,29.125,1.0,0
383,3,1,30.0,0,0,3101316,8.05,2.0,0
384,3,1,30.0,2,0,2662,21.6792,0.0,0
385,1,0,48.0,0,0,17466,25.9292,2.0,1
386,3,1,31.0,0,0,335097,7.75,1.0,0
387,1,1,47.0,0,0,36967,34.0208,2.0,0
388,3,0,26.0,1,0,53336,16.1,2.0,0
389,3,1,9.0,5,2,2144,46.9,2.0,0
390,3,1,19.0,0,0,510482,8.05,2.0,1
391,3,1,30.0,0,0,53235,8.05,2.0,0
392,3,1,22.0,0,0,4348,9.35,2.0,0
393,3,1,30.0,0,0,2631,7.225,0.0,0
394,2,1,28.0,0,1,248727,33.0,2.0,0
395,2,0,24.0,2,3,29106,18.75,2.0,1
396,3,1,17.0,0,0,315090,8.6625,2.0,0
397,3,1,30.0,1,0,370365,15.5,1.0,0
398,3,0,30.0,3,1,4133,25.4667,2.0,0
399,3,1,21.0,0,0,52152,8.05,2.0,0
400,1,1,51.0,0,0,113055,26.55,2.0,1
401,3,0,3.0,3,1,349909,21.075,2.0,0
402,3,0,1.0,2,1,2666,19.2583,0.0,1
403,3,1,30.0,0,0,2629,7.2292,0.0,0
404,3,1,34.0,0,0,363294,8.05,2.0,0
405,2,0,18.0,0,1,231919,23.0,2.0,1
406,1,0,44.0,0,0,17610,27.7208,0.0,1
407,3,1,30.0,0,0,358585,14.5,2.0,0
408,3,1,30.0,0,0,345777,9.5,2.0,0
409,3,0,37.0,0,0,4135,9.5875,2.0,0
410,2,1,21.0,1,0,28134,11.5,2.0,0
411,1,1,36.0,1,0,19877,78.85,2.0,0
412,3,1,32.0,0,0,23101286,7.925,2.0,1
413,3,0,30.0,1,2,6607,23.45,2.0,0
414,3,1,26.0,0,0,347068,7.775,2.0,0
415,1,1,80.0,0,0,27042,30.0,2.0,1
416,3,1,56.0,0,0,511206,8.05,2.0,0
417,2,1,60.0,1,1,29750,39.0,2.0,0
418,3,1,30.0,0,0,334912,7.7333,1.0,0
419,3,1,18.0,0,0,349912,7.775,2.0,0
420,3,0,14.0,1,0,2665,14.4542,0.0,0
421,2,1,19.0,0,0,751,10.5,2.0,1
422,2,0,4.0,2,1,230136,39.0,2.0,1
423,3,1,33.0,0,0,7540,8.6542,2.0,0
424,3,1,21.0,0,0,513032,7.7333,1.0,0
425,3,0,10.0,0,2,345773,24.15,2.0,0
426,2,1,47.0,0,0,237565,15.0,2.0,0
427,3,0,2.0,4,2,347082,31.275,2.0,0
428,2,0,29.0,1,0,2926,26.0,2.0,1
429,1,0,22.0,1,0,113776,66.6,2.0,1
430,3,1,28.0,1,0,23101279,15.85,2.0,0
431,1,1,30.0,0,0,11774,29.7,0.0,1
432,3,1,26.0,0,0,2699,18.7875,0.0,1
433,3,1,33.0,0,0,345780,9.5,2.0,0
434,2,0,27.0,0,0,34218,10.5,2.0,1
435,3,0,27.0,0,2,347742,11.1333,2.0,1
436,2,1,34.0,0,0,12233,13.0,2.0,0
437,3,1,30.0,0,0,2677,7.2292,0.0,1
438,1,1,30.0,0,0,113051,27.75,0.0,0
439,3,1,30.0,1,0,53336,16.1,2.0,0
440,2,0,30.0,0,0,226593,12.35,1.0,1
441,3,1,30.0,0,0,312993,7.775,2.0,0
442,1,0,53.0,2,0,11769,51.4792,2.0,1
443,3,1,32.0,0,0,23101292,7.925,2.0,0
444,2,1,52.0,0,0,250647,13.0,2.0,0
445,1,1,52.0,1,1,110413,79.65,2.0,0
446,3,0,39.0,1,5,347082,31.275,2.0,0
447,1,0,2.0,1,2,113781,151.55,2.0,0
448,3,1,44.0,0,0,23101269,7.925,2.0,1
449,2,1,51.0,0,0,1166,12.525,2.0,0
450,2,1,39.0,0,0,250655,26.0,2.0,0
451,1,1,46.0,0,0,17593,79.2,0.0,0
452,1,1,17.0,0,2,17421,110.8833,0.0,1
453,3,1,30.0,0,0,518509,8.05,2.0,0
454,3,0,9.0,2,2,6608,34.375,2.0,0
455,3,1,27.0,0,0,350043,7.7958,2.0,1
456,3,1,21.0,0,0,315097,8.6625,2.0,0
457,3,1,30.0,0,0,1601,56.4958,2.0,0
458,3,1,26.0,0,0,349248,7.8958,2.0,0
459,3,1,3.0,1,1,37671,15.9,2.0,1
460,2,1,48.0,0,0,234360,13.0,2.0,0
461,1,0,36.0,0,0,17760,135.6333,0.0,1
462,3,0,30.0,1,0,370365,15.5,1.0,1
463,2,0,32.0,0,0,27267,13.0,2.0,1
464,1,0,33.0,0,0,110152,86.5,2.0,1
465,2,0,22.0,1,2,2123,41.5792,0.0,1
466,3,1,19.0,0,0,365222,6.75,1.0,0
467,3,1,74.0,0,0,347060,7.775,2.0,0
468,3,1,42.0,0,1,4579,8.4042,2.0,0
469,1,0,40.0,0,0,17582,153.4625,2.0,1
470,3,0,35.0,1,1,2673,20.25,2.0,1
471,3,0,24.0,0,0,349236,8.85,2.0,0
472,3,1,39.0,0,0,23101289,7.925,2.0,1
473,2,1,32.0,1,0,237736,30.0708,0.0,0
474,2,1,1.0,2,1,230136,39.0,2.0,1
475,3,1,34.0,0,0,3101264,6.4958,2.0,0
476,1,1,64.0,1,4,19950,263.0,2.0,0
477,3,0,25.0,0,0,347071,7.775,2.0,0
478,3,0,30.0,0,0,343095,8.05,2.0,0
479,3,1,1.0,1,2,2315,20.575,2.0,1
480,3,1,45.0,0,0,347061,6.975,2.0,0
481,2,1,31.0,1,1,31921,26.25,2.0,0
482,3,0,21.0,1,0,4137,9.825,2.0,0
483,3,1,25.0,0,0,349203,7.8958,2.0,0
484,1,0,15.0,0,1,24160,211.3375,2.0,1
485,3,1,26.0,0,0,3474,7.8875,2.0,0
486,2,1,30.0,0,0,14208,10.5,2.0,0
487,1,0,24.0,0,0,17477,69.3,0.0,1
488,2,1,35.0,0,0,28206,10.5,2.0,0
489,2,1,70.0,0,0,24580,10.5,2.0,0
490,1,1,30.0,0,0,112058,0.0,2.0,0
491,3,1,21.0,0,0,54636,16.1,2.0,0
492,3,0,18.0,0,1,392091,9.35,2.0,1
493,3,0,30.0,0,0,330935,8.1375,1.0,0
494,3,1,1.0,5,2,2144,46.9,2.0,0
495,3,0,30.0,8,2,2343,69.55,2.0,0
496,3,1,26.0,0,0,1601,56.4958,2.0,1
497,3,1,25.0,1,0,347083,7.775,2.0,1
498,2,1,30.0,0,0,239855,0.0,2.0,0
499,3,1,20.0,0,0,345769,9.5,2.0,0
500,1,0,54.0,1,0,36947,78.2667,0.0,1
501,3,1,22.0,0,0,324669,8.05,2.0,0
502,2,1,59.0,0,0,237442,13.5,2.0,0
503,2,0,54.0,1,3,29105,23.0,2.0,1
504,1,1,27.0,0,0,113804,30.5,2.0,1
505,1,1,31.0,1,0,12750,52.0,2.0,0
506,1,1,22.0,0,0,17760,135.6333,0.0,0
507,1,1,33.0,0,0,695,5.0,2.0,0
508,3,1,6.0,0,1,392096,12.475,2.0,1
509,3,0,5.0,4,2,347077,31.3875,2.0,1
510,1,1,39.0,0,0,112050,0.0,2.0,0
511,3,1,24.0,0,0,342826,8.05,2.0,0
512,2,1,54.0,0,0,29011,14.0,2.0,0
513,3,1,30.0,0,0,751,7.55,2.0,0
514,3,1,30.0,0,0,349222,7.8958,2.0,0
515,3,1,30.0,0,0,2685,7.2292,0.0,0
516,3,0,30.0,0,0,330931,7.8792,1.0,1
517,1,0,35.0,0,0,17755,512.3292,0.0,1
518,1,0,21.0,0,0,13502,77.9583,2.0,1
519,1,1,32.0,0,0,13214,30.5,0.0,1
520,3,1,16.0,0,0,345778,9.5,2.0,0
521,3,0,22.0,0,0,7077,7.25,2.0,1
522,3,1,30.0,0,0,349227,7.8958,2.0,0
523,1,1,38.0,1,0,19943,90.0,2.0,1
524,3,1,30.0,8,2,2343,69.55,2.0,0
525,2,1,25.0,1,0,236853,26.0,2.0,0
526,2,0,33.0,1,2,34651,27.75,2.0,1
527,3,0,30.0,1,0,386525,16.1,2.0,1
528,1,1,18.0,1,0,17758,108.9,0.0,0
529,3,1,30.0,1,0,376564,16.1,2.0,0
530,3,1,30.0,0,0,349217,7.8958,2.0,0
531,3,1,2.0,4,1,3101295,39.6875,2.0,0
532,3,1,0.0,0,1,2625,8.5167,0.0,1
533,2,1,26.0,0,0,31028,10.5,2.0,0
534,3,1,41.0,0,0,23101272,7.125,2.0,0
535,1,1,48.0,1,0,17572,76.7292,0.0,1
536,2,0,48.0,1,2,220845,65.0,2.0,1
537,1,0,48.0,1,0,11755,39.6,0.0,1
538,3,1,4.0,4,2,347082,31.275,2.0,0
539,1,0,39.0,1,0,13507,55.9,2.0,1
540,3,0,33.0,3,0,3101278,15.85,2.0,1
541,2,1,29.0,0,0,14263,10.5,2.0,0
542,1,1,49.0,1,1,17421,110.8833,0.0,0
543,3,1,30.0,8,2,2343,69.55,2.0,0
544,3,1,30.0,0,0,2700,7.2292,0.0,0
545,1,1,42.0,1,0,113789,52.0,2.0,0
546,1,0,36.0,0,2,5735,71.0,2.0,1
547,1,1,61.0,0,0,111240,33.5,2.0,0
548,3,0,18.0,0,0,365226,6.75,1.0,0
549,3,0,18.0,0,0,3101265,7.4958,2.0,1
550,2,1,1.0,1,1,250649,14.5,2.0,1
551,3,1,32.0,0,0,1601,56.4958,2.0,1
552,3,1,30.0,0,0,374910,8.05,2.0,0
553,3,1,30.0,0,0,392082,8.05,2.0,0
554,3,0,30.0,1,0,2665,14.4542,0.0,0
555,3,1,16.0,0,0,420589,8.05,2.0,0
556,1,1,31.0,1,0,17474,57.0,2.0,1
557,1,1,48.0,0,0,19952,26.55,2.0,1
558,3,1,22.0,0,0,2620,7.225,0.0,1
559,3,0,13.0,0,0,2687,7.2292,0.0,1
560,3,1,32.0,1,0,3101278,15.85,2.0,0
561,3,1,28.0,2,0,3101277,7.925,2.0,0
562,2,1,46.0,0,0,28403,26.0,2.0,0
563,3,1,28.0,0,0,350042,7.7958,2.0,0
564,2,1,42.0,1,0,243847,27.0,2.0,0
565,3,1,35.0,0,0,373450,8.05,2.0,0
566,3,0,2.0,3,2,347088,27.9,2.0,0
567,3,0,31.0,0,0,349244,8.6833,2.0,1
568,3,0,30.0,1,0,367230,15.5,1.0,1
569,3,1,30.0,0,0,349201,7.8958,2.0,0
570,2,0,19.0,1,0,2908,26.0,2.0,1
571,3,1,20.0,0,0,315094,8.6625,2.0,0
572,3,1,14.0,5,2,2144,46.9,2.0,0
573,2,0,34.0,0,1,231919,23.0,2.0,1
574,3,0,30.0,0,0,36866,7.7375,1.0,1
575,3,0,30.0,0,0,14312,7.75,1.0,1
576,3,1,51.0,0,0,347064,7.75,2.0,0
577,3,0,30.0,0,0,330909,7.6292,1.0,0
578,3,0,30.0,0,0,14311,7.75,1.0,1
579,3,0,30.0,0,0,335677,7.75,1.0,1
580,3,1,28.0,0,0,345770,9.5,2.0,0
581,2,1,25.0,0,0,29178,13.0,2.0,0
582,1,1,19.0,3,2,19950,263.0,2.0,0
583,3,1,35.0,0,0,349213,7.8958,0.0,0
584,1,0,35.0,1,0,36973,83.475,2.0,1
585,3,1,9.0,1,1,37671,15.9,2.0,1
586,3,1,20.0,0,0,2648,4.0125,0.0,0
587,2,1,42.0,0,0,237798,13.0,2.0,1
588,2,1,30.0,0,0,28228,13.0,2.0,0
589,2,1,30.0,0,0,239856,0.0,2.0,0
590,3,1,21.0,0,0,350034,7.7958,2.0,1
591,3,1,47.0,0,0,53902,7.25,2.0,0
592,1,0,25.0,1,2,113781,151.55,2.0,0
593,3,1,16.0,0,0,7534,9.2167,2.0,0
594,1,1,45.0,1,0,36973,83.475,2.0,0
595,3,1,38.0,0,0,315089,8.6625,2.0,0
596,1,1,56.0,0,0,13213,35.5,0.0,1
597,3,0,30.0,1,1,2668,22.3583,0.0,1
598,1,1,31.0,0,0,17590,50.4958,2.0,0
599,1,0,30.0,0,0,12749,93.5,2.0,1
600,1,1,30.0,0,0,17605,27.7208,0.0,0
601,3,0,14.0,0,0,350406,7.8542,2.0,0
602,3,0,16.0,0,0,35851,7.7333,1.0,1
603,3,0,40.0,1,0,7546,9.475,2.0,0
604,1,1,55.0,0,0,113787,30.5,2.0,0
605,3,1,19.0,0,0,347069,7.775,2.0,0
606,1,1,45.0,0,0,111428,26.55,2.0,1
607,1,0,36.0,1,2,113760,120.0,2.0,1
608,3,0,27.0,0,0,23101283,7.925,2.0,1
609,1,0,49.0,1,0,17572,76.7292,0.0,1
610,1,0,41.0,0,0,16966,134.5,0.0,1
611,1,1,19.0,1,0,113773,53.1,2.0,0
612,3,1,33.0,0,0,347062,7.775,2.0,0
613,1,1,27.0,1,0,113806,53.1,2.0,1
614,1,1,30.0,0,0,17612,27.7208,0.0,0
615,1,1,35.0,0,0,17475,26.2875,2.0,1
616,3,0,29.0,1,1,347054,10.4625,2.0,0
617,2,0,30.0,3,0,31027,21.0,2.0,1
618,3,1,34.0,0,0,364506,8.05,2.0,0
619,3,1,29.0,0,0,349240,7.8958,0.0,1
620,1,0,19.0,0,0,112053,30.0,2.0,1
621,1,0,35.0,0,0,17760,135.6333,2.0,1
622,3,1,30.0,8,2,2343,69.55,2.0,0
623,2,0,40.0,0,0,33595,15.75,2.0,1
624,1,1,62.0,0,0,113807,26.55,2.0,0
625,3,0,25.0,1,0,23101271,7.925,2.0,0
626,3,1,26.0,0,0,341826,8.05,2.0,0
627,3,0,18.0,0,1,2691,14.4542,0.0,0
628,2,1,34.0,1,0,31027,21.0,2.0,0
629,3,1,48.0,0,0,350047,7.8542,2.0,0
630,3,1,28.0,0,0,349207,7.8958,2.0,0
631,3,1,24.0,2,0,448871,24.15,2.0,0
632,2,0,17.0,0,0,1748,12.0,0.0,1
633,1,0,38.0,1,0,17599,71.2833,0.0,1
634,3,1,30.0,0,0,2671,7.2292,0.0,0
635,3,1,40.0,0,0,349251,7.8958,2.0,0
636,3,1,22.0,0,0,345767,9.0,2.0,0
637,3,0,2.0,0,1,347054,10.4625,2.0,0
638,1,1,28.0,1,0,17604,82.1708,0.0,0
639,3,1,18.0,0,0,347078,7.75,2.0,0
640,3,1,28.0,0,0,4001,22.525,2.0,0
641,2,0,19.0,0,0,250655,26.0,2.0,1
642,3,1,30.0,0,0,52817,8.05,2.0,0
643,1,0,60.0,1,0,110813,75.25,0.0,1
644,3,1,20.0,0,0,347466,7.8542,2.0,0
645,1,1,45.0,0,0,113784,35.5,2.0,0
646,3,0,30.0,0,0,392087,8.05,2.0,0
647,2,0,24.0,0,0,248733,13.0,2.0,1
648,3,1,30.0,0,0,383121,7.75,1.0,0
649,3,0,30.0,1,0,367230,15.5,1.0,1
650,3,1,39.0,1,5,347082,31.275,2.0,0
651,3,0,26.0,0,0,347470,7.8542,2.0,1
652,2,0,24.0,2,1,243847,27.0,2.0,1
653,2,0,36.0,0,0,27849,13.0,2.0,1
654,1,1,37.0,0,1,17596,29.7,0.0,0
655,1,0,30.0,0,1,113505,55.0,2.0,1
656,2,1,28.0,0,0,34068,10.5,2.0,0
657,3,1,19.0,0,0,349231,7.8958,2.0,0
658,3,1,43.0,0,0,7075,6.45,2.0,0
659,1,1,25.0,1,0,11967,91.0792,0.0,1
660,3,1,47.0,0,0,345765,9.0,2.0,0
661,1,0,16.0,0,0,110152,86.5,2.0,1
662,2,1,1.0,1,1,29106,18.75,2.0,1
663,3,1,22.0,0,0,23101275,7.125,2.0,0
664,3,1,19.0,0,0,349205,7.8958,2.0,0
665,2,1,28.0,0,0,218629,13.5,2.0,0
666,3,1,14.0,4,1,3101295,39.6875,2.0,0
667,3,1,36.0,0,0,349247,7.8958,2.0,0
668,1,1,29.0,0,0,113501,30.0,2.0,0
669,3,1,42.0,0,0,348121,7.65,2.0,0
670,1,1,30.0,0,0,110465,52.0,2.0,0
671,1,1,27.0,0,0,17572,76.7292,0.0,1
672,3,1,29.0,0,0,382651,7.75,1.0,1
673,2,0,5.0,1,2,34651,27.75,2.0,1
674,3,0,22.0,0,0,7553,9.8375,2.0,0
675,3,1,30.0,0,0,372622,7.75,1.0,0
676,2,0,30.0,0,0,250648,13.0,2.0,1
677,1,1,62.0,0,0,113514,26.55,2.0,0
678,2,1,34.0,0,0,248698,13.0,2.0,1
679,3,1,28.0,0,0,349243,7.8958,2.0,0
680,3,1,30.0,0,0,371060,7.75,1.0,0
681,3,1,44.0,0,1,371362,16.1,2.0,0
682,3,0,45.0,0,0,347073,7.75,2.0,0
683,2,1,19.0,0,0,28424,13.0,2.0,0
684,2,1,18.0,0,0,14879,73.5,2.0,0
685,3,1,31.0,0,0,347063,7.775,2.0,0
686,2,1,30.0,0,0,239853,0.0,2.0,0
687,3,1,21.0,0,0,3101317,7.25,2.0,0
688,2,1,25.0,0,0,244361,13.0,2.0,0
689,3,1,32.0,0,0,8471,8.3625,2.0,0
690,2,1,30.0,1,0,3381,24.0,0.0,0
691,3,1,40.0,0,0,2623,7.225,0.0,0
692,3,1,33.0,0,0,349241,7.8958,0.0,0
693,3,1,36.0,0,0,349210,7.4958,2.0,0
694,1,0,47.0,1,1,11751,52.5542,2.0,1
695,2,1,34.0,1,0,244367,26.0,2.0,0
696,3,1,19.0,0,0,323951,8.05,2.0,0
697,3,1,30.0,0,0,392086,8.05,2.0,0
698,2,0,50.0,0,0,13531,10.5,2.0,1
699,3,0,30.0,2,0,367226,23.25,1.0,1
700,3,1,30.0,1,0,367229,7.75,1.0,0
701,2,1,30.0,0,0,239853,0.0,2.0,0
702,3,1,30.0,0,0,454510,8.05,2.0,0
703,3,1,35.0,0,0,364512,8.05,2.0,0
704,2,1,35.0,0,0,239865,26.0,2.0,0
705,1,0,18.0,1,0,17757,227.525,0.0,1
706,3,0,16.0,5,2,2144,46.9,2.0,0
707,3,0,21.0,0,0,343120,7.65,2.0,1
708,1,1,30.0,0,0,113798,31.0,2.0,0
709,3,1,41.0,2,0,350026,14.1083,2.0,0
710,1,0,14.0,1,2,113760,120.0,2.0,1
711,1,1,21.0,0,1,35281,77.2875,2.0,0
